<a class="bio" href="bios/Afra_Ahmad.html">Afra Ahmad</a>
<a class="bio" href="bios/Fadilah_Ali.html">Fadilah Ali</a>
<a class="bio" href="bios/Laszlo_Aranyi.html">Laszlo Aranyi</a>
<a class="bio" href="bios/Shaurya_Arya.html">Shaurya Arya</a>
<a class="bio" href="bios/Tom_Ball.html">Tom Ball</a>
<a class="bio" href="bios/Zaynab_Bobi.html">Zaynab Bobi</a>
<a class="bio" href="bios/Charlie_Bowden.html">Charlie Bowden</a>
<a class="bio" href="bios/David_Brady.html">David Brady</a>
<a class="bio" href="bios/Brando.html">Brando</a>
<a class="bio" href="bios/BrokenMaya.html">BrokenMaya</a>
<a class="bio" href="bios/EFS_Byrne.html">EFS Byrne</a>
<a class="bio" href="bios/Havard_Cassandra.html">Havard Cassandra</a>
<a class="bio" href="bios/Adam_Chabot.html">Adam Chabot</a>
<a class="bio" href="bios/Roy_Christopher.html">Roy Christopher</a>
<a class="bio" href="bios/Scott_Cumming.html">Scott Cumming</a>
<a class="bio" href="bios/CJ_Delous.html">CJ Delous</a>
<a class="bio" href="bios/Shiksha_Dheda.html">Shiksha Dheda</a>
<a class="bio" href="bios/Marnie_Dresser.html">Marnie Dresser</a>
<a class="bio" href="bios/DrunkLotus.html">DrunkLotus</a>
<a class="bio" href="bios/Matt_Dube.html">Matt Dube</a>
<a class="bio" href="bios/Abigail_Eckstine.html">Abigail Eckstine</a>
<a class="bio" href="bios/Sean_Ennis.html">Sean Ennis</a>
<a class="bio" href="bios/Ozzýka_Farah.html">Ozzýka Farah</a>
<a class="bio" href="bios/Frank_William_Finney.html">Frank William Finney</a>
<a class="bio" href="bios/Clem_Flowers.html">Clem Flowers</a>
<a class="bio" href="bios/Tracey_Foster.html">Tracey Foster</a>
<a class="bio" href="bios/Matthew_Freeman.html">Matthew Freeman</a>
<a class="bio" href="bios/Jade_Gaynor.html">Jade Gaynor</a>
<a class="bio" href="bios/Amy_Gillies.html">Amy Gillies</a>
<a class="bio" href="bios/Eliott_Graves.html">Eliott Graves</a>
<a class="bio" href="bios/John_Grey.html">John Grey</a>
<a class="bio" href="bios/Elancharan_Gunasekaran.html">Elancharan Gunasekaran</a>
<a class="bio" href="bios/HLR.html">HLR</a>
<a class="bio" href="bios/Rev_Joe_Haward.html">Rev Joe Haward</a>
<a class="bio" href="bios/David_Hay.html">David Hay</a>
<a class="bio" href="bios/Ceinwen_E_Cariad_Haydon.html">Ceinwen E Cariad Haydon</a>
<a class="bio" href="bios/Mike_Hickman.html">Mike Hickman</a>
<a class="bio" href="bios/Dre_Hill.html">Dre Hill</a>
<a class="bio" href="bios/Enna_Horn.html">Enna Horn</a>
<a class="bio" href="bios/Arden_Hunter.html">Arden Hunter</a>
<a class="bio" href="bios/Michael_Igoe.html">Michael Igoe</a>
<a class="bio" href="bios/Mark_Jackley.html">Mark Jackley</a>
<a class="bio" href="bios/Zeke_Jarvis.html">Zeke Jarvis</a>
<a class="bio" href="bios/Strider_Marcus_Jones.html">Strider Marcus Jones</a>
<a class="bio" href="bios/Mike_Kaarsgaren.html">Mike Kaarsgaren</a>
<a class="bio" href="bios/Rose_Knapp.html">Rose Knapp</a>
<a class="bio" href="bios/Hec_Lampert-Bates.html">Hec Lampert-Bates</a>
<a class="bio" href="bios/Paul_H._Lewellan.html">Paul H. Lewellan</a>
<a class="bio" href="bios/Leah_Lopez.html">Leah Lopez</a>
<a class="bio" href="bios/Mario_Loprete.html">Mario Loprete</a>
<a class="bio" href="bios/Dorothy_Lune.html">Dorothy Lune</a>
<a class="bio" href="bios/DS_Maolalai.html">DS Maolalai</a>
<a class="bio" href="bios/Joshua_Martin.html">Joshua Martin</a>
<a class="bio" href="bios/Sadie_Maskery.html">Sadie Maskery</a>
<a class="bio" href="bios/Devika_Mathur.html">Devika Mathur</a>
<a class="bio" href="bios/Jim_Meirose.html">Jim Meirose</a>
<a class="bio" href="bios/Peter_Mladinic.html">Peter Mladinic</a>
<a class="bio" href="bios/Jack_Moody.html">Jack Moody</a>
<a class="bio" href="bios/Beth_Mulcahy.html">Beth Mulcahy</a>
<a class="bio" href="bios/Zach_Murphy.html">Zach Murphy</a>
<a class="bio" href="bios/Sheila_E._Murphy.html">Sheila E. Murphy</a>
<a class="bio" href="bios/Ben_Nardolilli.html">Ben Nardolilli</a>
<a class="bio" href="bios/Robert_Okaji.html">Robert Okaji</a>
<a class="bio" href="bios/Emily_Paluba.html">Emily Paluba</a>
<a class="bio" href="bios/Gene_J._Parola.html">Gene J. Parola</a>
<a class="bio" href="bios/Bernard_Pearson.html">Bernard Pearson</a>
<a class="bio" href="bios/Andre_F_Peltier.html">Andre F Peltier</a>
<a class="bio" href="bios/Kenneth_Pobo.html">Kenneth Pobo</a>
<a class="bio" href="bios/Damien_Posterino.html">Damien Posterino</a>
<a class="bio" href="bios/Fabrice_B._Poussin.html">Fabrice B. Poussin</a>
<a class="bio" href="bios/Carson_Pytell.html">Carson Pytell</a>
<a class="bio" href="bios/Jody_Rae.html">Jody Rae</a>
<a class="bio" href="bios/RedBear.html">RedBear</a>
<a class="bio" href="bios/KG_Ricci.html">KG Ricci</a>
<a class="bio" href="bios/M_Patrick_Riggin.html">M Patrick Riggin</a>
<a class="bio" href="bios/Sarah_Robin.html">Sarah Robin</a>
<a class="bio" href="bios/Krista_Sanford.html">Krista Sanford</a>
<a class="bio" href="bios/Gerard_Sarnat.html">Gerard Sarnat</a>
<a class="bio" href="bios/Jean-Mark_Sens.html">Jean-Mark Sens</a>
<a class="bio" href="bios/Michael_Starr.html">Michael Starr</a>
<a class="bio" href="bios/Pramod_Subbaraman.html">Pramod Subbaraman</a>
<a class="bio" href="bios/Nwuguru_Chidiebere_Sullivan.html">Nwuguru Chidiebere Sullivan</a>
<a class="bio" href="bios/Edward_Michael_Supranowicz.html">Edward Michael Supranowicz</a>
<a class="bio" href="bios/Sam_Szanto.html">Sam Szanto</a>
<a class="bio" href="bios/Afzal_Sajjad_Zafir.html">Afzal Sajjad Zafir</a>
